{
  "server.datapack.low_priority": {
    "id": "server.datapack.low_priority",
    "class": "dev.latvian.mods.kubejs.script.data.DataPackEventJS",
    "type": ["STARTUP", "SERVER"],
    "cancellable": false
  },
  "tags.worldgen.chunk_generator": {
    "id": "tags.worldgen.chunk_generator",
    "class": "dev.latvian.mods.kubejs.server.TagEventJS",
    "type": ["STARTUP", "SERVER"],
    "cancellable": false
  },
  "tags.height_provider_type": {
    "id": "tags.height_provider_type",
    "class": "dev.latvian.mods.kubejs.server.TagEventJS",
    "type": ["STARTUP", "SERVER"],
    "cancellable": false
  },
  "computercraft.peripheral": {
    "id": "computercraft.peripheral",
    "class": "com.prunoideae.kjscc.PeripheralRegisterEvent",
    "type": ["STARTUP"],
    "cancellable": false
  },
  "tags.worldgen.material_condition": {
    "id": "tags.worldgen.material_condition",
    "class": "dev.latvian.mods.kubejs.server.TagEventJS",
    "type": ["STARTUP", "SERVER"],
    "cancellable": false
  },
  "entity.spawned": {
    "id": "entity.spawned",
    "class": "dev.latvian.mods.kubejs.entity.EntitySpawnedEventJS",
    "type": ["STARTUP", "SERVER"],
    "cancellable": true
  },
  "player.tick": {
    "id": "player.tick",
    "class": "dev.latvian.mods.kubejs.player.SimplePlayerEventJS",
    "type": ["STARTUP", "SERVER"],
    "cancellable": false
  },
  "tags.worldgen.material_rule": {
    "id": "tags.worldgen.material_rule",
    "class": "dev.latvian.mods.kubejs.server.TagEventJS",
    "type": ["STARTUP", "SERVER"],
    "cancellable": false
  },
  "tags.activity": {
    "id": "tags.activity",
    "class": "dev.latvian.mods.kubejs.server.TagEventJS",
    "type": ["STARTUP", "SERVER"],
    "cancellable": false
  },
  "block.left_click": {
    "id": "block.left_click",
    "class": "dev.latvian.mods.kubejs.block.BlockLeftClickEventJS",
    "type": ["STARTUP", "SERVER", "CLIENT"],
    "cancellable": true
  },
  "tags.worldgen.placed_feature": {
    "id": "tags.worldgen.placed_feature",
    "class": "dev.latvian.mods.kubejs.server.TagEventJS",
    "type": ["STARTUP", "SERVER"],
    "cancellable": false
  },
  "tags.worldgen.template_pool": {
    "id": "tags.worldgen.template_pool",
    "class": "dev.latvian.mods.kubejs.server.TagEventJS",
    "type": ["STARTUP", "SERVER"],
    "cancellable": false
  },
  "client.tick": {
    "id": "client.tick",
    "class": "dev.latvian.mods.kubejs.client.ClientTickEventJS",
    "type": ["STARTUP", "CLIENT"],
    "cancellable": false
  },
  "entity.death": {
    "id": "entity.death",
    "class": "dev.latvian.mods.kubejs.entity.LivingEntityDeathEventJS",
    "type": ["STARTUP", "SERVER", "CLIENT"],
    "cancellable": true
  },
  "item.modification": {
    "id": "item.modification",
    "class": "dev.latvian.mods.kubejs.item.ItemModificationEventJS",
    "type": ["STARTUP"],
    "cancellable": false
  },
  "tags.chunk_status": {
    "id": "tags.chunk_status",
    "class": "dev.latvian.mods.kubejs.server.TagEventJS",
    "type": ["STARTUP", "SERVER"],
    "cancellable": false
  },
  "tags.worldgen.noise": {
    "id": "tags.worldgen.noise",
    "class": "dev.latvian.mods.kubejs.server.TagEventJS",
    "type": ["STARTUP", "SERVER"],
    "cancellable": false
  },
  "tags.sensor_type": {
    "id": "tags.sensor_type",
    "class": "dev.latvian.mods.kubejs.server.TagEventJS",
    "type": ["STARTUP", "SERVER"],
    "cancellable": false
  },
  "tags.worldgen.trunk_placer_type": {
    "id": "tags.worldgen.trunk_placer_type",
    "class": "dev.latvian.mods.kubejs.server.TagEventJS",
    "type": ["STARTUP", "SERVER"],
    "cancellable": false
  },
  "tags.items": {
    "id": "tags.items",
    "class": "dev.latvian.mods.kubejs.server.TagEventJS",
    "type": ["STARTUP", "SERVER"],
    "cancellable": false
  },
  "tags.loot_condition_type": {
    "id": "tags.loot_condition_type",
    "class": "dev.latvian.mods.kubejs.server.TagEventJS",
    "type": ["STARTUP", "SERVER"],
    "cancellable": false
  },
  "tags.blocks": {
    "id": "tags.blocks",
    "class": "dev.latvian.mods.kubejs.server.TagEventJS",
    "type": ["STARTUP", "SERVER"],
    "cancellable": false
  },
  "recipes.serializer.special.flag": {
    "id": "recipes.serializer.special.flag",
    "class": "dev.latvian.mods.kubejs.recipe.special.SpecialRecipeSerializerManager",
    "type": ["STARTUP", "SERVER"],
    "cancellable": false
  },
  "init": {
    "id": "init",
    "class": "dev.latvian.mods.kubejs.event.StartupEventJS",
    "type": ["STARTUP"],
    "cancellable": false
  },
  "recipes": {
    "id": "recipes",
    "class": "dev.latvian.mods.kubejs.recipe.RecipeEventJS",
    "type": ["STARTUP", "SERVER"],
    "cancellable": false
  },
  "tags.int_provider_type": {
    "id": "tags.int_provider_type",
    "class": "dev.latvian.mods.kubejs.server.TagEventJS",
    "type": ["STARTUP", "SERVER"],
    "cancellable": false
  },
  "block.tags": {
    "id": "block.tags",
    "class": "dev.latvian.mods.kubejs.server.TagEventJS",
    "type": ["STARTUP", "SERVER"],
    "cancellable": false
  },
  "player.logged_in": {
    "id": "player.logged_in",
    "class": "dev.latvian.mods.kubejs.player.SimplePlayerEventJS",
    "type": ["STARTUP", "SERVER"],
    "cancellable": false
  },
  "tags.entity_types": {
    "id": "tags.entity_types",
    "class": "dev.latvian.mods.kubejs.server.TagEventJS",
    "type": ["STARTUP", "SERVER"],
    "cancellable": false
  },
  "tags.loot_pool_entry_type": {
    "id": "tags.loot_pool_entry_type",
    "class": "dev.latvian.mods.kubejs.server.TagEventJS",
    "type": ["STARTUP", "SERVER"],
    "cancellable": false
  },
  "tags.memory_module_type": {
    "id": "tags.memory_module_type",
    "class": "dev.latvian.mods.kubejs.server.TagEventJS",
    "type": ["STARTUP", "SERVER"],
    "cancellable": false
  },
  "tags.motive": {
    "id": "tags.motive",
    "class": "dev.latvian.mods.kubejs.server.TagEventJS",
    "type": ["STARTUP", "SERVER"],
    "cancellable": false
  },
  "tags.worldgen.feature_size_type": {
    "id": "tags.worldgen.feature_size_type",
    "class": "dev.latvian.mods.kubejs.server.TagEventJS",
    "type": ["STARTUP", "SERVER"],
    "cancellable": false
  },
  "chest.loot_tables": {
    "id": "chest.loot_tables",
    "class": "dev.latvian.mods.kubejs.loot.ChestLootEventJS",
    "type": ["STARTUP", "SERVER"],
    "cancellable": false
  },
  "tags.position_source_type": {
    "id": "tags.position_source_type",
    "class": "dev.latvian.mods.kubejs.server.TagEventJS",
    "type": ["STARTUP", "SERVER"],
    "cancellable": false
  },
  "item.tooltip": {
    "id": "item.tooltip",
    "class": "dev.latvian.mods.kubejs.item.ItemTooltipEventJS",
    "type": ["STARTUP", "CLIENT"],
    "cancellable": false
  },
  "worldgen.remove": {
    "id": "worldgen.remove",
    "class": "dev.latvian.mods.kubejs.level.gen.WorldgenRemoveEventJS",
    "type": ["STARTUP"],
    "cancellable": false
  },
  "tags.repurposed_structures.json_conditions": {
    "id": "tags.repurposed_structures.json_conditions",
    "class": "dev.latvian.mods.kubejs.server.TagEventJS",
    "type": ["STARTUP", "SERVER"],
    "cancellable": false
  },
  "tags.block_entity_type": {
    "id": "tags.block_entity_type",
    "class": "dev.latvian.mods.kubejs.server.TagEventJS",
    "type": ["STARTUP", "SERVER"],
    "cancellable": false
  },
  "tags.game_events": {
    "id": "tags.game_events",
    "class": "dev.latvian.mods.kubejs.server.TagEventJS",
    "type": ["STARTUP", "SERVER"],
    "cancellable": false
  },
  "tags.worldgen.structure_pool_element": {
    "id": "tags.worldgen.structure_pool_element",
    "class": "dev.latvian.mods.kubejs.server.TagEventJS",
    "type": ["STARTUP", "SERVER"],
    "cancellable": false
  },
  "tags.data_serializers": {
    "id": "tags.data_serializers",
    "class": "dev.latvian.mods.kubejs.server.TagEventJS",
    "type": ["STARTUP", "SERVER"],
    "cancellable": false
  },
  "tags.custom_stat": {
    "id": "tags.custom_stat",
    "class": "dev.latvian.mods.kubejs.server.TagEventJS",
    "type": ["STARTUP", "SERVER"],
    "cancellable": false
  },
  "tags.stat_type": {
    "id": "tags.stat_type",
    "class": "dev.latvian.mods.kubejs.server.TagEventJS",
    "type": ["STARTUP", "SERVER"],
    "cancellable": false
  },
  "tags.worldgen.block_state_provider_type": {
    "id": "tags.worldgen.block_state_provider_type",
    "class": "dev.latvian.mods.kubejs.server.TagEventJS",
    "type": ["STARTUP", "SERVER"],
    "cancellable": false
  },
  "tags.loot_function_type": {
    "id": "tags.loot_function_type",
    "class": "dev.latvian.mods.kubejs.server.TagEventJS",
    "type": ["STARTUP", "SERVER"],
    "cancellable": false
  },
  "tags.dimension_type": {
    "id": "tags.dimension_type",
    "class": "dev.latvian.mods.kubejs.server.TagEventJS",
    "type": ["STARTUP", "SERVER"],
    "cancellable": false
  },
  "tags.attribute": {
    "id": "tags.attribute",
    "class": "dev.latvian.mods.kubejs.server.TagEventJS",
    "type": ["STARTUP", "SERVER"],
    "cancellable": false
  },
  "worldgen.add": {
    "id": "worldgen.add",
    "class": "dev.latvian.mods.kubejs.level.gen.WorldgenAddEventJS",
    "type": ["STARTUP"],
    "cancellable": false
  },
  "block.modification": {
    "id": "block.modification",
    "class": "dev.latvian.mods.kubejs.block.BlockModificationEventJS",
    "type": ["STARTUP"],
    "cancellable": false
  },
  "gift.loot_tables": {
    "id": "gift.loot_tables",
    "class": "dev.latvian.mods.kubejs.loot.GiftLootEventJS",
    "type": ["STARTUP", "SERVER"],
    "cancellable": false
  },
  "entity.drops": {
    "id": "entity.drops",
    "class": "dev.latvian.mods.kubejs.entity.forge.LivingEntityDropsEventJS",
    "type": ["STARTUP", "SERVER"],
    "cancellable": true
  },
  "tags.particle_type": {
    "id": "tags.particle_type",
    "class": "dev.latvian.mods.kubejs.server.TagEventJS",
    "type": ["STARTUP", "SERVER"],
    "cancellable": false
  },
  "tags.worldgen.foliage_placer_type": {
    "id": "tags.worldgen.foliage_placer_type",
    "class": "dev.latvian.mods.kubejs.server.TagEventJS",
    "type": ["STARTUP", "SERVER"],
    "cancellable": false
  },
  "tags.recipe_serializer": {
    "id": "tags.recipe_serializer",
    "class": "dev.latvian.mods.kubejs.server.TagEventJS",
    "type": ["STARTUP", "SERVER"],
    "cancellable": false
  },
  "fishing.loot_tables": {
    "id": "fishing.loot_tables",
    "class": "dev.latvian.mods.kubejs.loot.FishingLootEventJS",
    "type": ["STARTUP", "SERVER"],
    "cancellable": false
  },
  "fluid.tags": {
    "id": "fluid.tags",
    "class": "dev.latvian.mods.kubejs.server.TagEventJS",
    "type": ["STARTUP", "SERVER"],
    "cancellable": false
  },
  "level.tick": {
    "id": "level.tick",
    "class": "dev.latvian.mods.kubejs.level.SimpleLevelEventJS",
    "type": ["STARTUP", "SERVER"],
    "cancellable": false
  },
  "tags.enchantment": {
    "id": "tags.enchantment",
    "class": "dev.latvian.mods.kubejs.server.TagEventJS",
    "type": ["STARTUP", "SERVER"],
    "cancellable": false
  },
  "tags.mob_effect": {
    "id": "tags.mob_effect",
    "class": "dev.latvian.mods.kubejs.server.TagEventJS",
    "type": ["STARTUP", "SERVER"],
    "cancellable": false
  },
  "tags.loot_score_provider_type": {
    "id": "tags.loot_score_provider_type",
    "class": "dev.latvian.mods.kubejs.server.TagEventJS",
    "type": ["STARTUP", "SERVER"],
    "cancellable": false
  },
  "tags.worldgen.noise_settings": {
    "id": "tags.worldgen.noise_settings",
    "class": "dev.latvian.mods.kubejs.server.TagEventJS",
    "type": ["STARTUP", "SERVER"],
    "cancellable": false
  },
  "tags.point_of_interest_type": {
    "id": "tags.point_of_interest_type",
    "class": "dev.latvian.mods.kubejs.server.TagEventJS",
    "type": ["STARTUP", "SERVER"],
    "cancellable": false
  },
  "server.tick": {
    "id": "server.tick",
    "class": "dev.latvian.mods.kubejs.server.ServerEventJS",
    "type": ["STARTUP", "SERVER"],
    "cancellable": false
  },
  "recipes.type_registry": {
    "id": "recipes.type_registry",
    "class": "dev.latvian.mods.kubejs.recipe.RecipeTypeRegistryEventJS",
    "type": ["STARTUP", "SERVER"],
    "cancellable": false
  },
  "sound.registry": {
    "id": "sound.registry",
    "class": "dev.latvian.mods.kubejs.client.SoundRegistryEventJS",
    "type": ["STARTUP"],
    "cancellable": false
  },
  "tags.worldgen.structure_placement": {
    "id": "tags.worldgen.structure_placement",
    "class": "dev.latvian.mods.kubejs.server.TagEventJS",
    "type": ["STARTUP", "SERVER"],
    "cancellable": false
  },
  "recipes.compostables": {
    "id": "recipes.compostables",
    "class": "dev.latvian.mods.kubejs.recipe.CompostablesRecipeEventJS",
    "type": ["STARTUP", "SERVER"],
    "cancellable": false
  },
  "item.registry.armor_tiers": {
    "id": "item.registry.armor_tiers",
    "class": "dev.latvian.mods.kubejs.item.custom.ItemArmorTierEventJS",
    "type": ["STARTUP"],
    "cancellable": false
  },
  "tags.worldgen.biome_source": {
    "id": "tags.worldgen.biome_source",
    "class": "dev.latvian.mods.kubejs.server.TagEventJS",
    "type": ["STARTUP", "SERVER"],
    "cancellable": false
  },
  "client.generate_assets": {
    "id": "client.generate_assets",
    "class": "dev.latvian.mods.kubejs.client.ClientGenerateAssetsEventJS",
    "type": ["STARTUP", "CLIENT"],
    "cancellable": false
  },
  "tags.pos_rule_test": {
    "id": "tags.pos_rule_test",
    "class": "dev.latvian.mods.kubejs.server.TagEventJS",
    "type": ["STARTUP", "SERVER"],
    "cancellable": false
  },
  "client.paint_screen": {
    "id": "client.paint_screen",
    "class": "dev.latvian.mods.kubejs.client.painter.screen.ScreenPaintEventJS",
    "type": ["STARTUP", "CLIENT"],
    "cancellable": false
  },
  "tags.loot_number_provider_type": {
    "id": "tags.loot_number_provider_type",
    "class": "dev.latvian.mods.kubejs.server.TagEventJS",
    "type": ["STARTUP", "SERVER"],
    "cancellable": false
  },
  "tags.recipe_type": {
    "id": "tags.recipe_type",
    "class": "dev.latvian.mods.kubejs.server.TagEventJS",
    "type": ["STARTUP", "SERVER"],
    "cancellable": false
  },
  "tags.loot_nbt_provider_type": {
    "id": "tags.loot_nbt_provider_type",
    "class": "dev.latvian.mods.kubejs.server.TagEventJS",
    "type": ["STARTUP", "SERVER"],
    "cancellable": false
  },
  "tags.worldgen.configured_structure_feature": {
    "id": "tags.worldgen.configured_structure_feature",
    "class": "dev.latvian.mods.kubejs.server.TagEventJS",
    "type": ["STARTUP", "SERVER"],
    "cancellable": false
  },
  "client.logged_out": {
    "id": "client.logged_out",
    "class": "dev.latvian.mods.kubejs.client.ClientLoggedInEventJS",
    "type": ["STARTUP", "CLIENT"],
    "cancellable": false
  },
  "tags.block_predicate_type": {
    "id": "tags.block_predicate_type",
    "class": "dev.latvian.mods.kubejs.server.TagEventJS",
    "type": ["STARTUP", "SERVER"],
    "cancellable": false
  },
  "jei.information": {
    "id": "jei.information",
    "class": "dev.latvian.mods.kubejs.integration.forge.jei.InformationJEIEventJS",
    "type": ["STARTUP", "CLIENT"],
    "cancellable": false
  },
  "entity.hurt": {
    "id": "entity.hurt",
    "class": "dev.latvian.mods.kubejs.entity.LivingEntityHurtEventJS",
    "type": ["STARTUP", "SERVER"],
    "cancellable": true
  },
  "postinit": {
    "id": "postinit",
    "class": "dev.latvian.mods.kubejs.event.StartupEventJS",
    "type": ["STARTUP"],
    "cancellable": false
  },
  "tags.worldgen.structure_feature": {
    "id": "tags.worldgen.structure_feature",
    "class": "dev.latvian.mods.kubejs.server.TagEventJS",
    "type": ["STARTUP", "SERVER"],
    "cancellable": false
  },
  "tags.worldgen.configured_feature": {
    "id": "tags.worldgen.configured_feature",
    "class": "dev.latvian.mods.kubejs.server.TagEventJS",
    "type": ["STARTUP", "SERVER"],
    "cancellable": false
  },
  "item.model_properties": {
    "id": "item.model_properties",
    "class": "dev.latvian.mods.kubejs.item.ItemModelPropertiesEventJS",
    "type": ["STARTUP"],
    "cancellable": false
  },
  "generic.loot_tables": {
    "id": "generic.loot_tables",
    "class": "dev.latvian.mods.kubejs.loot.GenericLootEventJS",
    "type": ["STARTUP", "SERVER"],
    "cancellable": false
  },
  "tags.forge.loot_modifier_serializers": {
    "id": "tags.forge.loot_modifier_serializers",
    "class": "dev.latvian.mods.kubejs.server.TagEventJS",
    "type": ["STARTUP", "SERVER"],
    "cancellable": false
  },
  "client.painter_updated": {
    "id": "client.painter_updated",
    "class": "dev.latvian.mods.kubejs.net.PainterUpdatedEventJS",
    "type": ["STARTUP", "CLIENT"],
    "cancellable": false
  },
  "tags.worldgen.feature": {
    "id": "tags.worldgen.feature",
    "class": "dev.latvian.mods.kubejs.server.TagEventJS",
    "type": ["STARTUP", "SERVER"],
    "cancellable": false
  },
  "tags.worldgen.density_function_type": {
    "id": "tags.worldgen.density_function_type",
    "class": "dev.latvian.mods.kubejs.server.TagEventJS",
    "type": ["STARTUP", "SERVER"],
    "cancellable": false
  },
  "server.load": {
    "id": "server.load",
    "class": "dev.latvian.mods.kubejs.server.ServerEventJS",
    "type": ["STARTUP", "SERVER"],
    "cancellable": false
  },
  "tags.float_provider_type": {
    "id": "tags.float_provider_type",
    "class": "dev.latvian.mods.kubejs.server.TagEventJS",
    "type": ["STARTUP", "SERVER"],
    "cancellable": false
  },
  "server.datapack.high_priority": {
    "id": "server.datapack.high_priority",
    "class": "dev.latvian.mods.kubejs.script.data.DataPackEventJS",
    "type": ["STARTUP", "SERVER"],
    "cancellable": false
  },
  "server.datapack.last": {
    "id": "server.datapack.last",
    "class": "dev.latvian.mods.kubejs.script.data.DataPackEventJS",
    "type": ["STARTUP", "SERVER"],
    "cancellable": false
  },
  "tags.schedule": {
    "id": "tags.schedule",
    "class": "dev.latvian.mods.kubejs.server.TagEventJS",
    "type": ["STARTUP", "SERVER"],
    "cancellable": false
  },
  "command.registry": {
    "id": "command.registry",
    "class": "dev.latvian.mods.kubejs.command.CommandRegistryEventJS",
    "type": ["STARTUP", "SERVER"],
    "cancellable": false
  },
  "level.load": {
    "id": "level.load",
    "class": "dev.latvian.mods.kubejs.level.SimpleLevelEventJS",
    "type": ["STARTUP", "SERVER"],
    "cancellable": false
  },
  "tags.worldgen.structure_piece": {
    "id": "tags.worldgen.structure_piece",
    "class": "dev.latvian.mods.kubejs.server.TagEventJS",
    "type": ["STARTUP", "SERVER"],
    "cancellable": false
  },
  "tags.worldgen.density_function": {
    "id": "tags.worldgen.density_function",
    "class": "dev.latvian.mods.kubejs.server.TagEventJS",
    "type": ["STARTUP", "SERVER"],
    "cancellable": false
  },
  "tags.worldgen.structure_processor": {
    "id": "tags.worldgen.structure_processor",
    "class": "dev.latvian.mods.kubejs.server.TagEventJS",
    "type": ["STARTUP", "SERVER"],
    "cancellable": false
  },
  "tags.sound_event": {
    "id": "tags.sound_event",
    "class": "dev.latvian.mods.kubejs.server.TagEventJS",
    "type": ["STARTUP", "SERVER"],
    "cancellable": false
  },
  "create.pipe.fluid_effect": {
    "id": "create.pipe.fluid_effect",
    "class": "dev.latvian.mods.kubejs.create.events.SpecialFluidHandlerEvent",
    "type": ["STARTUP"],
    "cancellable": false
  },
  "item.tags": {
    "id": "item.tags",
    "class": "dev.latvian.mods.kubejs.server.TagEventJS",
    "type": ["STARTUP", "SERVER"],
    "cancellable": false
  },
  "entity.loot_tables": {
    "id": "entity.loot_tables",
    "class": "dev.latvian.mods.kubejs.loot.EntityLootEventJS",
    "type": ["STARTUP", "SERVER"],
    "cancellable": false
  },
  "tags.rule_test": {
    "id": "tags.rule_test",
    "class": "dev.latvian.mods.kubejs.server.TagEventJS",
    "type": ["STARTUP", "SERVER"],
    "cancellable": false
  },
  "client.init": {
    "id": "client.init",
    "class": "dev.latvian.mods.kubejs.client.ClientEventJS",
    "type": ["STARTUP", "CLIENT"],
    "cancellable": false
  },
  "command.run": {
    "id": "command.run",
    "class": "dev.latvian.mods.kubejs.server.CommandEventJS",
    "type": ["STARTUP", "SERVER"],
    "cancellable": true
  },
  "block.break": {
    "id": "block.break",
    "class": "dev.latvian.mods.kubejs.block.BlockBreakEventJS",
    "type": ["STARTUP", "SERVER"],
    "cancellable": true
  },
  "tags.worldgen.structure_set": {
    "id": "tags.worldgen.structure_set",
    "class": "dev.latvian.mods.kubejs.server.TagEventJS",
    "type": ["STARTUP", "SERVER"],
    "cancellable": false
  },
  "tags.worldgen.tree_decorator_type": {
    "id": "tags.worldgen.tree_decorator_type",
    "class": "dev.latvian.mods.kubejs.server.TagEventJS",
    "type": ["STARTUP", "SERVER"],
    "cancellable": false
  },
  "entity.check_spawn": {
    "id": "entity.check_spawn",
    "class": "dev.latvian.mods.kubejs.entity.CheckLivingEntitySpawnEventJS",
    "type": ["STARTUP", "SERVER"],
    "cancellable": true
  },
  "tags.worldgen.placement_modifier_type": {
    "id": "tags.worldgen.placement_modifier_type",
    "class": "dev.latvian.mods.kubejs.server.TagEventJS",
    "type": ["STARTUP", "SERVER"],
    "cancellable": false
  },
  "tags.villager_profession": {
    "id": "tags.villager_profession",
    "class": "dev.latvian.mods.kubejs.server.TagEventJS",
    "type": ["STARTUP", "SERVER"],
    "cancellable": false
  },
  "tags.villager_type": {
    "id": "tags.villager_type",
    "class": "dev.latvian.mods.kubejs.server.TagEventJS",
    "type": ["STARTUP", "SERVER"],
    "cancellable": false
  },
  "create.spout.special": {
    "id": "create.spout.special",
    "class": "dev.latvian.mods.kubejs.create.events.SpecialSpoutHandlerEvent",
    "type": ["STARTUP"],
    "cancellable": false
  },
  "tags.forge.world_types": {
    "id": "tags.forge.world_types",
    "class": "dev.latvian.mods.kubejs.server.TagEventJS",
    "type": ["STARTUP", "SERVER"],
    "cancellable": false
  },
  "jei.hide.items": {
    "id": "jei.hide.items",
    "class": "dev.latvian.mods.kubejs.integration.forge.jei.HideJEIEventJS",
    "type": ["STARTUP", "CLIENT"],
    "cancellable": false
  },
  "tags.worldgen.processor_list": {
    "id": "tags.worldgen.processor_list",
    "class": "dev.latvian.mods.kubejs.server.TagEventJS",
    "type": ["STARTUP", "SERVER"],
    "cancellable": false
  },
  "tags.fluids": {
    "id": "tags.fluids",
    "class": "dev.latvian.mods.kubejs.server.TagEventJS",
    "type": ["STARTUP", "SERVER"],
    "cancellable": false
  },
  "tags.worldgen.configured_carver": {
    "id": "tags.worldgen.configured_carver",
    "class": "dev.latvian.mods.kubejs.server.TagEventJS",
    "type": ["STARTUP", "SERVER"],
    "cancellable": false
  },
  "tags.worldgen.carver": {
    "id": "tags.worldgen.carver",
    "class": "dev.latvian.mods.kubejs.server.TagEventJS",
    "type": ["STARTUP", "SERVER"],
    "cancellable": false
  },
  "create.boiler.heater": {
    "id": "create.boiler.heater",
    "class": "dev.latvian.mods.kubejs.create.events.BoilerHeaterHandlerEvent",
    "type": ["STARTUP"],
    "cancellable": false
  },
  "block.loot_tables": {
    "id": "block.loot_tables",
    "class": "dev.latvian.mods.kubejs.loot.BlockLootEventJS",
    "type": ["STARTUP", "SERVER"],
    "cancellable": false
  },
  "item.registry.tool_tiers": {
    "id": "item.registry.tool_tiers",
    "class": "dev.latvian.mods.kubejs.item.custom.ItemToolTierEventJS",
    "type": ["STARTUP"],
    "cancellable": false
  },
  "client.logged_in": {
    "id": "client.logged_in",
    "class": "dev.latvian.mods.kubejs.client.ClientLoggedInEventJS",
    "type": ["STARTUP", "CLIENT"],
    "cancellable": false
  },
  "jei.subtypes": {
    "id": "jei.subtypes",
    "class": "dev.latvian.mods.kubejs.integration.forge.jei.JEISubtypesEventJS",
    "type": ["STARTUP", "CLIENT"],
    "cancellable": false
  },
  "tags.menu": {
    "id": "tags.menu",
    "class": "dev.latvian.mods.kubejs.server.TagEventJS",
    "type": ["STARTUP", "SERVER"],
    "cancellable": false
  },
  "tags.potion": {
    "id": "tags.potion",
    "class": "dev.latvian.mods.kubejs.server.TagEventJS",
    "type": ["STARTUP", "SERVER"],
    "cancellable": false
  },
  "tags.worldgen.biome": {
    "id": "tags.worldgen.biome",
    "class": "dev.latvian.mods.kubejs.server.TagEventJS",
    "type": ["STARTUP", "SERVER"],
    "cancellable": false
  },
  "server.datapack.first": {
    "id": "server.datapack.first",
    "class": "dev.latvian.mods.kubejs.script.data.DataPackEventJS",
    "type": ["STARTUP", "SERVER"],
    "cancellable": false
  }
}
